country_code,_region,road_class_norm,sss_band,sss,n_segments,speed_limit,speed_85th,pct_over_limit,nilsson_fatal_ratio,est_lives_saved,lives_saved_lower,lives_saved_upper,recommended_limit,limit_change_needed,credibility_class,change_effort,land_use,corridor_label,area_km2,priority_rank,corridor_id
TH,11,motorway,Critical,68.34302133333334,3,60.0,90.98245614,0.7757844525490681,3.5676267214838786,3.5714,1.7857,7.1427000000000005,76.66666666666667,-16.666666666666668,Non-Credible,No change needed,urban,TH | 11 | motorway,0.0,1,1
TH,10,motorway,Critical,68.82028837878788,15,56.666666666666664,93.20740740666666,0.8988642971249639,4.42050625,3.0796,1.5399,6.1595,74.0,-17.333333333333332,Non-Credible,No change needed,urban,TH | 10 | motorway,0.0,2,2
TH,11,secondary,High Risk,55.411058597466464,61,81.47540983606558,60.338797814098356,0.06765958345385913,12.491983359999997,1.9686000000000001,0.9844,3.9372999999999996,47.857142857142854,25.714285714285715,Under-Speed,Investigate road condition,urban,TH | 11 | secondary,0.0,3,3
TH,13,motorway,Critical,68.109688,3,66.66666666666667,108.60000000000001,0.8921148426295313,4.2700347900390625,1.6704999999999999,0.8352999999999999,3.3411999999999997,80.0,-13.333333333333334,Non-Credible,No change needed,urban,TH | 13 | motorway,0.0,4,4
TH,14,trunk,High Risk,59.25918594282669,4,90.0,109.875,0.6434081942419925,11.503873847415122,1.6651,0.8326,3.3305,60.0,30.0,Low Credibility,Major (>20 km/h),urban,TH | 14 | trunk,0.0,5,5
TH,14,secondary,High Risk,55.0,48,85.41666666666667,64.55505952375,0.03184500686594285,20.199631360000005,1.4510999999999998,0.7255999999999999,2.9019,50.0,35.333333333333336,Under-Speed,Investigate road condition,urban,TH | 14 | secondary,0.0,6,6
TH,12,secondary,High Risk,55.0,60,81.41666666666667,59.962499999833334,0.036089730203606445,11.462287360000001,1.0231000000000001,0.5115000000000001,2.0462000000000002,48.46153846153846,32.30769230769231,Under-Speed,Investigate road condition,urban,TH | 12 | secondary,0.0,7,7
TH,10,secondary,High Risk,55.03803045099432,256,79.90234375,56.68638780363281,0.025558037958831336,14.757890559999998,0.7248,0.3627,1.4495,49.04761904761905,30.357142857142858,Under-Speed,Investigate road condition,urban,TH | 10 | secondary,0.0,8,8
TH,19,secondary,High Risk,55.0,62,85.40322580645162,69.15725806451613,0.05971964767024857,14.757890559999998,0.5544,0.2773,1.1083,50.0,36.041666666666664,Under-Speed,Investigate road condition,urban,TH | 19 | secondary,0.0,9,9
TH,13,secondary,High Risk,55.20213474025974,35,84.14285714285714,72.94489795885715,0.07334835101767712,14.757890559999998,0.5156,0.25780000000000003,1.0314,50.0,33.57142857142857,Credible,Major (>20 km/h),urban,TH | 13 | secondary,0.0,10,10
TH,17,trunk,Critical,81.71630666666667,4,85.0,115.2083333325,0.7637073126872865,15.473296373456792,0.40380000000000005,0.202,0.8077000000000001,60.0,25.0,Non-Credible,Major (>20 km/h),urban,TH | 17 | trunk,0.0,11,11
TH,50,secondary,High Risk,55.0,101,84.65346534653466,64.57013201306931,0.036026743861210526,10.971993760000002,0.3447,0.1721,0.6890999999999999,49.25925925925926,34.81481481481482,Under-Speed,Investigate road condition,urban,TH | 50 | secondary,0.0,12,12
TH,77,trunk,High Risk,59.13334284053565,4,80.0,101.72916666500001,0.593651834904015,8.60047268066406,0.3117,0.1558,0.6233,60.0,20.0,Non-Credible,Moderate (11-20 km/h),urban,TH | 77 | trunk,0.0,13,13
TH,20,secondary,High Risk,55.00046394060606,95,86.10526315789474,69.22982456136842,0.05999381024319304,11.968832160000003,0.23399999999999999,0.1167,0.4678,50.0,33.44827586206897,Under-Speed,Investigate road condition,urban,TH | 20 | secondary,0.0,14,14
TH,18,trunk,Critical,82.49408444444444,3,86.66666666666667,110.33333333333333,0.6988014370362023,13.032099999999998,0.2337,0.1169,0.4674,60.0,26.666666666666668,Non-Credible,Major (>20 km/h),urban,TH | 18 | trunk,0.0,15,15
TH,18,trunk,High Risk,58.255138863636354,3,90.0,110.16666666666667,0.6043465024664675,11.713506250000002,0.1911,0.0955,0.3822,60.0,30.0,Low Credibility,Major (>20 km/h),urban,TH | 18 | trunk,0.0,16,16
TH,77,trunk,Critical,71.14229050252199,3,56.666666666666664,96.97222222,0.6440953056301021,8.911514859199801,0.15919999999999998,0.0797,0.3185,60.0,-3.3333333333333335,Non-Credible,No change needed,urban,TH | 77 | trunk,0.0,17,17
TH,30,trunk,Critical,73.51738431818181,5,78.0,106.2,0.6587762470880079,13.970982716049383,0.1298,0.065,0.2598,60.0,18.0,Non-Credible,Moderate (11-20 km/h),urban,TH | 30 | trunk,0.0,18,18
TH,10,secondary,Critical,81.95863046875,16,31.25,71.625,0.9523437930236616,12.491983359999997,0.1247,0.0623,0.2492,49.375,-18.125,Non-Credible,No change needed,urban,TH | 10 | secondary,0.0,19,19
TH,30,secondary,High Risk,55.03073446172249,95,85.36842105263158,77.09122807010527,0.13901713300153296,16.64966416,0.11739999999999999,0.0589,0.2354,49.48275862068966,36.37931034482759,Credible,Major (>20 km/h),urban,TH | 30 | secondary,0.0,20,20
TH,31,primary,High Risk,54.54999676651102,8,85.625,112.2678571425,0.6896459934596503,23.425600000000006,0.1011,0.0505,0.2022,58.75,26.875,Non-Credible,Major (>20 km/h),rural,TH | 31 | primary,0.0,21,21
MH,urban_trunk,trunk,Critical,74.67261635881584,43,37.674418604651166,66.67731383603477,0.6068344867079994,9.026686419753087,0.1,0.05,0.2008,56.04651162790697,-18.372093023255815,Non-Credible,No change needed,urban,MH | urban_trunk | trunk,0.0,22,22
TH,90,trunk,High Risk,56.54616761101818,5,84.0,105.0,0.6116676379042811,12.141353086419754,0.0921,0.046,0.184,60.0,24.0,Non-Credible,Moderate (11-20 km/h),urban,TH | 90 | trunk,0.0,23,23
TH,40,trunk,Critical,73.54964,4,65.0,100.6375,0.818395148372682,10.812113098271602,0.0916,0.0459,0.18330000000000002,60.0,5.0,Non-Credible,Moderate (11-20 km/h),urban,TH | 40 | trunk,0.0,24,24
TH,83,secondary,High Risk,55.71419194074074,27,79.62962962962963,61.53703703703704,0.08130826301446824,9.59512576,0.0903,0.045,0.1807,52.857142857142854,21.428571428571427,Under-Speed,Investigate road condition,urban,TH | 83 | secondary,0.0,25,25
TH,71,primary,High Risk,58.0759360421212,10,85.5,109.6,0.6812517402437888,21.767823360000005,0.08940000000000001,0.0446,0.1785,56.0,29.5,Non-Credible,Major (>20 km/h),rural,TH | 71 | primary,0.0,26,26
TH,80,trunk,Critical,72.50478685570381,10,72.5,104.033333333,0.7948606175661007,15.473296373456792,0.0802,0.040100000000000004,0.16019999999999998,60.0,12.5,Non-Credible,Major (>20 km/h),urban,TH | 80 | trunk,0.0,27,27
TH,10,primary,Critical,75.56732219999999,5,46.0,75.2,0.7209984935644951,5.62448656,0.0733,0.0366,0.1465,50.0,-4.0,Non-Credible,No change needed,urban,TH | 10 | primary,0.0,28,28
TH,70,secondary,High Risk,55.20734604731183,93,82.52688172043011,75.83691756279569,0.15107473053201675,16.0,0.0727,0.0361,0.14529999999999998,50.333333333333336,31.916666666666668,Credible,Major (>20 km/h),urban,TH | 70 | secondary,0.0,29,29
TH,45,primary,High Risk,56.93227250366307,13,89.23076923076923,113.23717948692307,0.6364852605711326,23.425600000000006,0.0678,0.0341,0.1357,57.69230769230769,31.53846153846154,Non-Credible,Major (>20 km/h),rural,TH | 45 | primary,0.0,30,30
TH,72,trunk,Critical,75.43395071428571,7,75.71428571428571,105.14285714285714,0.7539804511493476,12.580814891975308,0.0658,0.0326,0.1311,60.0,15.714285714285714,Non-Credible,Moderate (11-20 km/h),urban,TH | 72 | trunk,0.0,31,31
TH,50,secondary,Critical,78.95374386161616,6,55.0,80.41666666666667,0.7349663059849462,8.684481558641973,0.0632,0.0316,0.12639999999999998,51.666666666666664,3.3333333333333335,Non-Credible,Minor (<=10 km/h),urban,TH | 50 | secondary,0.0,32,32
TH,90,secondary,High Risk,55.0,55,84.9090909090909,65.82727272727273,0.04173105107150504,13.032099999999998,0.061,0.0306,0.1226,50.0,36.0,Under-Speed,Investigate road condition,urban,TH | 90 | secondary,0.0,33,33
TH,22,primary,High Risk,56.71867461717171,3,86.66666666666667,110.16666666666667,0.6939950415789499,23.425600000000006,0.0539,0.0269,0.10759999999999999,56.666666666666664,30.0,Non-Credible,Major (>20 km/h),rural,TH | 22 | primary,0.0,34,34
TH,84,secondary,High Risk,55.08797079463487,61,85.21311475409836,68.4323770490164,0.08315439384851261,13.032099999999998,0.0501,0.0251,0.1004,50.43478260869565,36.08695652173913,Under-Speed,Investigate road condition,urban,TH | 84 | secondary,0.0,35,35
TH,71,secondary,High Risk,55.0,58,84.3103448275862,75.98275862068965,0.11276413520080192,18.360368009999995,0.0496,0.025,0.0993,49.166666666666664,35.27777777777778,Credible,Major (>20 km/h),urban,TH | 71 | secondary,0.0,36,36
TH,40,secondary,High Risk,55.180118438855224,45,83.66666666666667,66.76666666666667,0.09815674881841674,19.821194409999997,0.046099999999999995,0.023200000000000002,0.09230000000000001,50.0,35.75,Under-Speed,Investigate road condition,urban,TH | 40 | secondary,0.0,37,37
TH,21,secondary,High Risk,55.2382547990172,37,85.67567567567568,74.9054054054054,0.11719224238067621,14.757890559999998,0.0456,0.0225,0.091,50.526315789473685,34.21052631578947,Under-Speed,Major (>20 km/h),urban,TH | 21 | secondary,0.0,38,38
TH,30,secondary,Critical,84.18636363636364,5,46.0,84.4,0.8475271796422603,12.491983359999997,0.0454,0.0226,0.0907,50.0,-4.0,Non-Credible,No change needed,urban,TH | 30 | secondary,0.0,39,39
TH,52,secondary,High Risk,55.0,69,84.92753623188406,80.26811594202898,0.168385288978827,20.199631360000005,0.0431,0.0211,0.0858,50.0,36.12244897959184,Credible,Major (>20 km/h),urban,TH | 52 | secondary,0.0,40,40
TH,56,secondary,High Risk,55.0,30,83.83333333333333,74.36666666666666,0.11761406876840272,16.0,0.042499999999999996,0.0213,0.0853,50.0,36.07142857142857,Under-Speed,Investigate road condition,urban,TH | 56 | secondary,0.0,41,41
TH,22,secondary,High Risk,55.58433886060606,33,83.33333333333333,62.22727272727273,0.0976689197641036,16.0,0.041999999999999996,0.021,0.084,52.5,27.5,Under-Speed,Investigate road condition,urban,TH | 22 | secondary,0.0,42,42
TH,84,secondary,Critical,75.66521034734849,4,40.0,72.4375,0.8287805145845549,6.8028376506249995,0.0414,0.0207,0.0829,52.5,-12.5,Non-Credible,No change needed,urban,TH | 84 | secondary,0.0,43,43
TH,72,secondary,High Risk,55.0,60,86.08333333333333,73.3375,0.07871816237648048,17.31891456,0.041,0.0204,0.0822,50.0,36.40625,Credible,Major (>20 km/h),urban,TH | 72 | secondary,0.0,44,44
TH,53,secondary,Critical,82.6603978,4,45.0,83.011363635,0.9243930739119139,11.968832160000003,0.0407,0.0204,0.0815,52.5,-7.5,Non-Credible,Minor (<=10 km/h),urban,TH | 53 | secondary,0.0,45,45
TH,24,trunk,Critical,70.04964,3,60.0,105.0,0.9583332196718608,12.580814891975308,0.0401,0.02,0.08,60.0,0.0,Non-Credible,No change needed,urban,TH | 24 | trunk,0.0,46,46
MH,urban_motorway,motorway,Critical,71.42579389579387,11,42.27272727272727,72.13892773892773,0.7850780170531987,1.8420597006250001,0.0394,0.0197,0.0787,67.27272727272727,-25.0,Non-Credible,No change needed,urban,MH | urban_motorway | motorway,0.0,47,47
TH,30,primary,Critical,74.15438823535354,9,55.55555555555556,86.88888888888889,0.8277780833230802,16.64966416,0.0381,0.0191,0.0761,50.0,5.555555555555555,Non-Credible,No change needed,urban,TH | 30 | primary,0.0,48,48
TH,40,primary,Critical,75.31285242017044,4,68.75,94.3125,0.713144108434283,15.36953616,0.0359,0.018000000000000002,0.07200000000000001,50.0,18.75,Low Credibility,Major (>20 km/h),urban,TH | 40 | primary,0.0,49,49
TH,30,primary,High Risk,54.58567975791246,9,84.44444444444444,111.0,0.7129623438544913,20.972736160000004,0.0351,0.0178,0.0703,58.888888888888886,25.555555555555557,Non-Credible,Moderate (11-20 km/h),rural,TH | 30 | primary,0.0,50,50
MH,urban_trunk,trunk,High Risk,58.974370999105524,7,40.714285714285715,60.68295739348371,0.7500979165055872,2.5742419753086416,0.0347,0.0174,0.0696,50.0,-9.285714285714286,Low Credibility,No change needed,urban,MH | urban_trunk | trunk,0.0,51,51
TH,65,trunk,Critical,76.19764833333332,5,80.0,104.8,0.7324996905958127,10.4976,0.0326,0.0163,0.06520000000000001,60.0,20.0,Non-Credible,Moderate (11-20 km/h),urban,TH | 65 | trunk,0.0,52,52
TH,83,primary,Critical,78.39927106363636,4,50.0,78.75,0.9135416823916205,12.491983359999997,0.0325,0.016300000000000002,0.065,50.0,0.0,Non-Credible,Minor (<=10 km/h),urban,TH | 83 | primary,0.0,53,53
TH,44,primary,High Risk,56.16050736685606,13,89.23076923076923,114.57692307692308,0.65192306790581,22.585305760000008,0.0315,0.0157,0.06319999999999999,59.23076923076923,30.0,Non-Credible,Major (>20 km/h),rural,TH | 44 | primary,0.0,54,54
TH,74,secondary,High Risk,55.0,24,83.33333333333333,63.3039772725,0.04516187422521253,11.462287360000001,0.030699999999999998,0.015399999999999999,0.0614,50.0,32.0,Under-Speed,Investigate road condition,urban,TH | 74 | secondary,0.0,55,55
TH,94,trunk,Critical,72.56964,5,42.0,94.46666666600001,0.8443876027956836,12.580814891975308,0.0304,0.0151,0.060700000000000004,60.0,-18.0,Non-Credible,No change needed,urban,TH | 94 | trunk,0.0,56,56
TH,86,secondary,High Risk,55.057418900534756,51,84.03921568627452,73.54901960784314,0.10137866031164662,14.757890559999998,0.030100000000000002,0.014799999999999999,0.06,50.32258064516129,34.064516129032256,Credible,Major (>20 km/h),urban,TH | 86 | secondary,0.0,57,57
MH,urban_primary,primary,Moderate,51.07396277517045,4,38.75,56.145833333333336,0.762588275518042,2.8561000000000005,0.03,0.0149,0.06,47.5,-8.75,Low Credibility,No change needed,urban,MH | urban_primary | primary,0.0,58,58
TH,60,secondary,High Risk,55.033534744715446,41,84.63414634146342,78.73780487804878,0.13144188999116085,15.06138481,0.0299,0.015,0.0601,50.3448275862069,34.827586206896555,Credible,Major (>20 km/h),urban,TH | 60 | secondary,0.0,59,59
TH,66,primary,High Risk,55.9824935530303,5,88.0,112.4,0.6950000284447951,13.032099999999998,0.0293,0.014700000000000001,0.058499999999999996,60.0,28.0,Non-Credible,Major (>20 km/h),rural,TH | 66 | primary,0.0,60,60
TH,31,secondary,High Risk,55.41919961739131,23,85.04347826086956,76.86231884043478,0.18475874242296395,17.31891456,0.0287,0.0144,0.0575,48.8235294117647,36.8235294117647,Credible,Major (>20 km/h),urban,TH | 31 | secondary,0.0,61,61
TH,54,primary,High Risk,53.409493013257574,4,81.25,107.125,0.7440904733404595,11.503873847415122,0.0279,0.013900000000000001,0.0556,60.0,21.25,Non-Credible,Moderate (11-20 km/h),rural,TH | 54 | primary,0.0,62,62
TH,57,trunk,Critical,76.99234833333333,5,80.0,106.4,0.7433330921945883,11.297067901234566,0.0276,0.0138,0.055,60.0,20.0,Non-Credible,Moderate (11-20 km/h),urban,TH | 57 | trunk,0.0,63,63
TH,16,secondary,High Risk,55.0,34,85.73529411764706,77.79901960794118,0.12050277785791218,20.712612348268088,0.0275,0.0141,0.0555,50.0,36.59090909090909,Credible,Major (>20 km/h),urban,TH | 16 | secondary,0.0,64,64
TH,67,secondary,High Risk,55.0,38,83.6842105263158,68.11184210526316,0.068847153705517,14.164684959999999,0.0269,0.0137,0.054200000000000005,50.0,34.61538461538461,Under-Speed,Investigate road condition,urban,TH | 67 | secondary,0.0,65,65
TH,65,secondary,High Risk,55.50780695675675,37,82.70270270270271,72.77702702702703,0.13053475958338406,16.0,0.0267,0.0135,0.0536,51.05263157894737,31.57894736842105,Under-Speed,Investigate road condition,urban,TH | 65 | secondary,0.0,66,66
TH,25,secondary,High Risk,54.967590501149424,29,83.10344827586206,67.46551724137932,0.052588013812349434,8.352099999999998,0.0265,0.013300000000000001,0.053,51.0,33.0,Under-Speed,Investigate road condition,urban,TH | 25 | secondary,0.0,67,67
TH,62,secondary,High Risk,55.0,19,86.10526315789474,84.30701754368421,0.16668656219557304,14.164684959999999,0.025,0.0124,0.0498,50.0,35.06666666666667,Credible,Major (>20 km/h),urban,TH | 62 | secondary,0.0,68,68
TH,53,secondary,High Risk,55.26782197777778,36,85.0,81.86805555555556,0.1916205398216791,20.199631360000005,0.0244,0.0124,0.0485,50.38461538461539,35.0,Credible,Major (>20 km/h),urban,TH | 53 | secondary,0.0,69,69
TH,44,secondary,High Risk,55.17766133526936,36,83.61111111111111,76.29861111111111,0.14226082644762492,16.0,0.0241,0.0121,0.0486,51.5,32.5,Credible,Major (>20 km/h),urban,TH | 44 | secondary,0.0,70,70
TH,45,primary,Moderate,50.26693842045454,4,90.0,113.125,0.6241442357751,13.032099999999998,0.0235,0.0118,0.047,60.0,30.0,Non-Credible,Major (>20 km/h),rural,TH | 45 | primary,0.0,71,71
TH,21,primary,High Risk,56.60260592121211,3,70.0,92.0,0.6222220873564425,14.757890559999998,0.0234,0.0117,0.046900000000000004,53.333333333333336,16.666666666666668,Non-Credible,Major (>20 km/h),urban,TH | 21 | primary,0.0,72,72
TH,80,secondary,High Risk,55.15550953548387,62,84.2258064516129,69.53225806451613,0.08011526694115932,14.164684959999999,0.0226,0.0112,0.0449,50.4,33.88,Under-Speed,Investigate road condition,urban,TH | 80 | secondary,0.0,73,73
TH,13,primary,Critical,77.24950401818181,3,56.666666666666664,85.0,0.8388888118857744,23.425600000000006,0.0223,0.0111,0.0444,50.0,6.666666666666667,Non-Credible,No change needed,urban,TH | 13 | primary,0.0,74,74
TH,39,primary,High Risk,52.60011618771043,9,81.11111111111111,107.88888888888889,0.7134256883425777,13.032099999999998,0.0222,0.0112,0.044700000000000004,60.0,21.11111111111111,Non-Credible,Moderate (11-20 km/h),rural,TH | 39 | primary,0.0,75,75
TH,32,secondary,High Risk,55.494653064409725,24,84.58333333333333,76.47916666666667,0.14424241469762614,14.459006249999998,0.0209,0.0106,0.0423,51.1764705882353,34.11764705882353,Credible,Major (>20 km/h),urban,TH | 32 | secondary,0.0,76,76
TH,45,secondary,High Risk,55.21261543285985,32,82.8125,67.8177083334375,0.0859049421872108,13.589544959999998,0.0204,0.0102,0.0407,50.666666666666664,33.333333333333336,Under-Speed,Investigate road condition,urban,TH | 45 | secondary,0.0,77,77
TH,33,primary,High Risk,52.64554888848484,5,82.0,107.0,0.7158331523870178,20.972736160000004,0.0196,0.0098,0.0395,58.0,24.0,Non-Credible,Moderate (11-20 km/h),rural,TH | 33 | primary,0.0,78,78
TH,70,secondary,Critical,72.23921416060605,4,61.5,97.75,0.7192594971278454,16.0,0.0189,0.009399999999999999,0.0379,55.0,6.5,Non-Credible,No change needed,rural,TH | 70 | secondary,0.0,79,79
TH,14,primary,Critical,70.12111992727273,4,72.5,97.75,0.7249998611330104,16.0,0.018500000000000003,0.0093,0.037000000000000005,50.0,22.5,Low Credibility,Major (>20 km/h),urban,TH | 14 | primary,0.0,80,80
TH,41,secondary,High Risk,55.0,39,85.25641025641026,67.16666666666667,0.034973520264514044,9.815062410000001,0.0184,0.0091,0.037000000000000005,48.8235294117647,36.1764705882353,Under-Speed,Investigate road condition,urban,TH | 41 | secondary,0.0,81,81
TH,73,secondary,High Risk,55.0,27,83.81481481481481,64.0,0.036343340879998264,18.717736960000003,0.0177,0.0088,0.035500000000000004,50.0,37.5,Under-Speed,Investigate road condition,urban,TH | 73 | secondary,0.0,82,82
TH,31,primary,Critical,81.03336168863635,4,75.0,102.5,0.7562490838178056,26.08757775999999,0.0174,0.0086,0.0346,50.0,25.0,Non-Credible,Major (>20 km/h),urban,TH | 31 | primary,0.0,83,83
TH,26,secondary,High Risk,55.0,14,87.85714285714286,80.5,0.1080748424889532,13.589544959999998,0.0168,0.0084,0.0332,50.0,37.0,Credible,Major (>20 km/h),urban,TH | 26 | secondary,0.0,84,84
TH,72,primary,High Risk,56.84240815113636,4,87.5,108.375,0.6209882094217579,23.425600000000006,0.0168,0.0085,0.0336,55.0,32.5,Low Credibility,Major (>20 km/h),rural,TH | 72 | primary,0.0,85,85
TH,32,primary,High Risk,56.38078927272727,3,90.0,115.66666666666667,0.6777794875832842,14.459006249999998,0.0167,0.0083,0.0333,60.0,30.0,Non-Credible,Major (>20 km/h),rural,TH | 32 | primary,0.0,86,86
TH,77,secondary,High Risk,55.04033042336025,76,86.84210526315789,73.17763157894737,0.07165744397388502,16.322408009999993,0.0164,0.0081,0.033,50.294117647058826,36.76470588235294,Under-Speed,Investigate road condition,urban,TH | 77 | secondary,0.0,87,87
TH,27,secondary,High Risk,55.52181264301948,14,85.71428571428571,78.46428571428571,0.19260855365790283,16.64966416,0.0158,0.0079,0.0315,52.0,34.0,Credible,Major (>20 km/h),urban,TH | 27 | secondary,0.0,88,88
TH,34,secondary,High Risk,55.04891467823691,33,82.72727272727273,65.47727272727273,0.06790637512585271,11.968832160000003,0.0157,0.0079,0.0314,50.90909090909091,31.818181818181817,Under-Speed,Investigate road condition,urban,TH | 34 | secondary,0.0,89,89
TH,62,primary,High Risk,55.872651507024784,11,86.36363636363636,110.63636363636364,0.6863629620360437,22.585305760000008,0.0157,0.0079,0.0316,57.27272727272727,29.09090909090909,Non-Credible,Major (>20 km/h),rural,TH | 62 | primary,0.0,90,90
TH,40,secondary,Critical,81.00677673838383,6,78.33333333333333,102.88888888833333,0.6159147314125987,18.008140960000002,0.0156,0.0078000000000000005,0.0311,53.333333333333336,25.0,Non-Credible,Major (>20 km/h),urban,TH | 40 | secondary,0.0,91,91
TH,81,secondary,High Risk,55.0,12,84.16666666666667,58.708333333333336,0.013607664985266459,9.59512576,0.015300000000000001,0.0077,0.0305,40.0,46.0,Under-Speed,Investigate road condition,urban,TH | 81 | secondary,0.0,92,92
TH,17,secondary,High Risk,54.9129960509804,17,82.94117647058823,78.44117647058823,0.19168413128235937,17.31891456,0.0152,0.0077,0.030699999999999998,49.23076923076923,32.30769230769231,Credible,Major (>20 km/h),urban,TH | 17 | secondary,0.0,93,93
TH,57,secondary,High Risk,55.86349093679654,42,79.52380952380952,70.46428571428571,0.1704581761914687,16.64966416,0.0147,0.0072,0.029,52.10526315789474,23.42105263157895,Under-Speed,Investigate road condition,urban,TH | 57 | secondary,0.0,94,94
TH,44,primary,Critical,84.21603432121209,3,66.66666666666667,97.0,0.7722214601970524,27.98409999999999,0.0143,0.0071,0.0285,50.0,16.666666666666668,Non-Credible,Major (>20 km/h),urban,TH | 44 | primary,0.0,95,95
TH,67,trunk,Critical,74.45994416666667,4,85.0,108.25,0.7041664227704164,12.580814891975308,0.0137,0.006899999999999999,0.0276,60.0,25.0,Non-Credible,Major (>20 km/h),urban,TH | 67 | trunk,0.0,96,96
TH,39,primary,Critical,75.91935264507575,6,56.666666666666664,89.5,0.7587586187078864,16.64966416,0.0137,0.0068000000000000005,0.027200000000000002,50.0,6.666666666666667,Non-Credible,Minor (<=10 km/h),urban,TH | 39 | primary,0.0,97,97
TH,71,primary,Critical,78.62213242727272,4,77.5,99.875,0.6521410216873107,18.008140960000002,0.013500000000000002,0.0068000000000000005,0.027100000000000003,50.0,27.5,Non-Credible,Major (>20 km/h),urban,TH | 71 | primary,0.0,98,98
TH,72,primary,Critical,80.01889538181817,5,72.0,109.4,0.843332519022044,27.023362559999992,0.0135,0.0067,0.0269,50.0,22.0,Non-Credible,Minor (<=10 km/h),urban,TH | 72 | primary,0.0,99,99
TH,53,trunk,Critical,71.71437910984847,4,85.0,110.25,0.6781252453154548,12.580814891975308,0.0133,0.0066,0.0265,60.0,25.0,Non-Credible,Major (>20 km/h),urban,TH | 53 | trunk,0.0,100,100
TH,36,secondary,High Risk,54.95,32,83.21875,68.21875,0.06021340775394409,11.462287360000001,0.0124,0.006,0.0246,50.0,36.15384615384615,Under-Speed,Investigate road condition,urban,TH | 36 | secondary,0.0,101,101
TH,63,secondary,High Risk,55.373945454545456,18,84.44444444444444,78.33333333333333,0.17612237525717617,15.36953616,0.0121,0.0062,0.0247,50.0,34.166666666666664,Credible,Major (>20 km/h),urban,TH | 63 | secondary,0.0,102,102
TH,24,secondary,High Risk,55.0,18,82.77777777777777,64.6064814811111,0.07397065361285131,18.717736960000003,0.011699999999999999,0.0059,0.023399999999999997,50.0,33.333333333333336,Under-Speed,Investigate road condition,urban,TH | 24 | secondary,0.0,103,103
TH,50,primary,Critical,74.7673222,3,46.666666666666664,75.66666666666667,0.8322220392984954,7.233948159999998,0.0114,0.0056,0.0227,50.0,-3.3333333333333335,Non-Credible,No change needed,urban,TH | 50 | primary,0.0,104,104
TH,14,primary,High Risk,52.58744919151515,5,84.0,106.6,0.6658322855483336,13.589544959999998,0.011099999999999999,0.0054,0.0218,58.0,26.0,Non-Credible,Major (>20 km/h),rural,TH | 14 | primary,0.0,105,105
TH,23,secondary,High Risk,55.0,20,87.0,75.0,0.06062462055004649,11.462287360000001,0.0108,0.0052,0.021500000000000002,50.0,39.09090909090909,Credible,Major (>20 km/h),urban,TH | 23 | secondary,0.0,106,106
TH,64,secondary,High Risk,55.0,46,83.26086956521739,74.08695652173913,0.09152991465938247,18.717736960000003,0.0103,0.0048000000000000004,0.0206,48.4,35.2,Under-Speed,Major (>20 km/h),urban,TH | 64 | secondary,0.0,107,107
TH,39,secondary,High Risk,58.21386373333333,6,75.33333333333333,81.625,0.3255678728304839,9.59512576,0.0099,0.005,0.0201,54.0,18.4,Credible,Major (>20 km/h),urban,TH | 39 | secondary,0.0,108,108
TH,95,primary,Critical,79.7673222,4,37.5,94.125,0.9216689636220557,19.821194409999997,0.0091,0.0045,0.0182,50.0,-12.5,Non-Credible,No change needed,urban,TH | 95 | primary,0.0,109,109
MH,urban_primary,primary,Critical,79.07467060688428,12,27.083333333333332,55.027314814814815,0.654527103961637,6.887475360000002,0.0086,0.0042,0.0173,45.833333333333336,-18.75,Non-Credible,No change needed,urban,MH | urban_primary | primary,0.0,110,110
TH,75,secondary,High Risk,55.0,8,83.75,73.5625,0.06314060687008546,8.352099999999998,0.0084,0.0042,0.0169,50.0,34.0,Credible,Major (>20 km/h),urban,TH | 75 | secondary,0.0,111,111
MH,rural_secondary,secondary,Critical,67.6131838635804,37,52.83783783783784,81.29504504504504,0.8346844350569066,7.412006249999998,0.0081,0.0039000000000000003,0.0166,59.189189189189186,-6.351351351351352,Non-Credible,No change needed,rural,MH | rural_secondary | secondary,0.0,112,112
TH,46,secondary,High Risk,55.0,8,82.5,71.25,0.05979384713638783,9.59512576,0.0079,0.0039,0.0158,50.0,32.0,Credible,Major (>20 km/h),urban,TH | 46 | secondary,0.0,113,113
TH,60,trunk,Critical,72.69895414141412,3,66.66666666666667,107.0,0.7555538762968584,14.459006249999998,0.0078,0.0039,0.0156,60.0,6.666666666666667,Non-Credible,Major (>20 km/h),urban,TH | 60 | trunk,0.0,114,114
TH,54,secondary,High Risk,55.0,17,82.3529411764706,72.82352941176471,0.10973074241437539,11.462287360000001,0.0077,0.0036,0.0152,50.0,33.333333333333336,Credible,Major (>20 km/h),urban,TH | 54 | secondary,0.0,115,115
MH,urban_primary,primary,High Risk,57.21325698681818,4,33.75,54.375,0.7218361452417008,3.421020160000001,0.0074,0.0036,0.014700000000000001,47.5,-13.75,Non-Credible,No change needed,urban,MH | urban_primary | primary,0.0,116,116
TH,76,secondary,High Risk,56.043209360765545,19,81.05263157894737,69.89473684210526,0.15190077742681596,7.965941759999999,0.0072,0.0035,0.0143,52.5,21.25,Under-Speed,Investigate road condition,urban,TH | 76 | secondary,0.0,117,117
TH,61,secondary,High Risk,55.0,9,84.44444444444444,83.83333333333333,0.16825986856795538,18.360368009999995,0.0070999999999999995,0.0036999999999999997,0.0147,50.0,33.75,Credible,Major (>20 km/h),urban,TH | 61 | secondary,0.0,118,118
TH,96,secondary,Critical,70.6415912,4,30.0,75.875,1.0,6.024297530864198,0.007,0.0035,0.0141,57.5,-27.5,Non-Credible,No change needed,rural,TH | 96 | secondary,0.0,119,119
TH,92,primary,Critical,77.86765707215908,4,75.0,99.25,0.710695836176013,24.289126560000007,0.007,0.0036,0.014,50.0,25.0,Non-Credible,Major (>20 km/h),urban,TH | 92 | primary,0.0,120,120
TH,42,primary,Critical,76.89900856363636,7,63.57142857142857,90.14285714285714,0.7355782818771143,17.31891456,0.0062,0.0032,0.0127,50.0,13.571428571428571,Non-Credible,Major (>20 km/h),urban,TH | 42 | primary,0.0,121,121
TH,71,secondary,Critical,78.83689166666667,3,60.0,93.33333333333333,0.7822229804336934,17.31891456,0.0062,0.0029999999999999996,0.0124,50.0,10.0,Non-Credible,No change needed,urban,TH | 71 | secondary,0.0,122,122
TH,62,primary,Critical,83.3227687909091,3,83.33333333333333,107.66666666666667,0.7083339658869505,23.425600000000006,0.006,0.003,0.012,50.0,33.333333333333336,Non-Credible,Major (>20 km/h),urban,TH | 62 | primary,0.0,123,123
TH,80,trunk,High Risk,55.2600006060606,3,80.0,100.33333333333333,0.6388887808377265,8.029351929012346,0.0057,0.0028,0.0114,60.0,20.0,Low Credibility,Moderate (11-20 km/h),urban,TH | 80 | trunk,0.0,124,124
TH,93,secondary,High Risk,55.0,10,85.0,67.9,0.01750006807599096,6.887475360000002,0.0052,0.0026,0.0105,50.0,36.666666666666664,Under-Speed,Investigate road condition,urban,TH | 93 | secondary,0.0,125,125
TH,15,primary,Critical,69.72549416969696,3,60.0,81.33333333333333,0.6750003958079596,16.64966416,0.0051,0.0026,0.0103,50.0,10.0,Non-Credible,Major (>20 km/h),urban,TH | 15 | primary,0.0,126,126
TH,81,secondary,Critical,78.21386373333333,3,33.333333333333336,62.0,0.9333331605787968,2.5204737600000002,0.005,0.0025,0.01,53.333333333333336,-20.0,Non-Credible,No change needed,urban,TH | 81 | secondary,0.0,127,127
TH,95,secondary,High Risk,55.0,11,86.36363636363636,60.63636363636363,0.01212314601099696,7.965941759999999,0.0048000000000000004,0.0024000000000000002,0.009600000000000001,50.0,40.0,Under-Speed,Investigate road condition,urban,TH | 95 | secondary,0.0,128,128
TH,15,secondary,High Risk,55.0,5,84.0,79.03333333200001,0.1516249726394301,10.4976,0.0047,0.0024,0.0094,50.0,32.5,Credible,Major (>20 km/h),urban,TH | 15 | secondary,0.0,129,129
TH,66,secondary,High Risk,55.0,19,83.15789473684211,72.3157894736842,0.09312954313346358,12.491983359999997,0.0045000000000000005,0.0021,0.0088,50.0,32.0,Credible,Major (>20 km/h),urban,TH | 66 | secondary,0.0,130,130
TH,77,secondary,Critical,77.59193191515152,6,35.0,84.16666666666667,0.9466142290599983,13.589544959999998,0.0043,0.002,0.0085,53.333333333333336,-18.333333333333332,Non-Credible,No change needed,urban,TH | 77 | secondary,0.0,131,131
TH,43,primary,High Risk,58.21598697272726,3,80.0,98.66666666666667,0.5583334023114225,16.0,0.0041,0.0021,0.0081,50.0,30.0,Low Credibility,Major (>20 km/h),urban,TH | 43 | primary,0.0,132,132
TH,64,primary,Critical,84.54202674545454,6,77.66666666666667,106.0,0.6749329427639531,33.1776,0.0040999999999999995,0.002,0.0081,50.0,27.666666666666668,Non-Credible,Major (>20 km/h),urban,TH | 64 | primary,0.0,133,133
TH,18,secondary,High Risk,55.0,5,86.0,84.3,0.13004750157151368,13.589544959999998,0.004,0.002,0.0078,50.0,36.0,Credible,Major (>20 km/h),urban,TH | 18 | secondary,0.0,134,134
TH,47,secondary,High Risk,55.0,14,84.64285714285714,69.21428571428571,0.058573366505329724,13.032099999999998,0.0037,0.0018,0.0075,50.0,36.25,Under-Speed,Investigate road condition,urban,TH | 47 | secondary,0.0,135,135
TH,55,secondary,High Risk,55.0,32,83.4375,68.0703125,0.03718783948278587,10.4976,0.0036,0.0017000000000000001,0.006999999999999999,50.0,31.25,Under-Speed,Investigate road condition,urban,TH | 55 | secondary,0.0,136,136
TH,35,secondary,High Risk,55.0,7,87.14285714285714,79.14285714285714,0.099288877841107,17.31891456,0.0032,0.0016,0.006500000000000001,50.0,40.0,Credible,Major (>20 km/h),urban,TH | 35 | secondary,0.0,137,137
TH,42,secondary,High Risk,55.0,30,87.66666666666667,68.55833333333334,0.031046232677536967,11.462287360000001,0.0031999999999999997,0.0015999999999999999,0.0068,50.0,37.0,Under-Speed,Investigate road condition,urban,TH | 42 | secondary,0.0,138,138
TH,63,primary,Critical,78.05680401818182,3,60.0,84.0,0.7027767277543103,8.352099999999998,0.003,0.0014,0.0057,50.0,10.0,Non-Credible,Minor (<=10 km/h),urban,TH | 63 | primary,0.0,139,139
TH,63,secondary,Critical,84.0,10,30.0,79.4,0.9707499454157815,13.032099999999998,0.0029,0.0011,0.0051,50.0,-20.0,Non-Credible,No change needed,urban,TH | 63 | secondary,0.0,140,140
TH,94,secondary,High Risk,55.0,25,84.4,60.4,0.0292541676474937,10.4976,0.0028,0.0012000000000000001,0.0053,50.0,38.75,Under-Speed,Investigate road condition,urban,TH | 94 | secondary,0.0,141,141
TH,33,secondary,High Risk,55.0,10,84.0,64.95,0.1154902943410352,14.757890559999998,0.0027,0.0015,0.0055,50.0,34.0,Under-Speed,Investigate road condition,urban,TH | 33 | secondary,0.0,142,142
TH,33,primary,Critical,74.7673222,3,50.0,99.33333333333333,1.0,17.31891456,0.0027,0.0014,0.0053,50.0,0.0,Non-Credible,No change needed,urban,TH | 33 | primary,0.0,143,143
MH,rural_primary,primary,Moderate,51.54425622721535,5,20.0,58.40714285714286,0.06556305346122389,1.5317929931640628,0.0026,0.0012000000000000001,0.005,54.0,-34.0,Non-Credible,No change needed,rural,MH | rural_primary | primary,0.0,144,144
TH,96,secondary,High Risk,55.414303464898985,12,85.0,72.04166666666667,0.13683052191853723,18.360368009999995,0.0026,0.0013,0.0053,52.0,36.0,Under-Speed,Investigate road condition,urban,TH | 96 | secondary,0.0,145,145
TH,11,secondary,Critical,79.19971325757577,3,36.666666666666664,62.333333333333336,0.8194443334860857,3.626739359999999,0.0026,0.0013,0.0052,50.0,-13.333333333333334,Non-Credible,No change needed,urban,TH | 11 | secondary,0.0,146,146
TH,76,secondary,Critical,76.33709284363636,5,44.0,80.8,0.775553272228621,12.491983359999997,0.0024000000000000002,0.0012000000000000001,0.0049,54.0,-10.0,Non-Credible,No change needed,urban,TH | 76 | secondary,0.0,147,147
TH,86,primary,Critical,81.43398886666667,3,50.0,90.83333333333333,0.8333333360939363,15.06138481,0.0023,0.001,0.0045,50.0,0.0,Non-Credible,Minor (<=10 km/h),urban,TH | 86 | primary,0.0,148,148
TH,92,secondary,High Risk,55.0,27,84.07407407407408,67.51851851851852,0.04024323726581677,8.75213056,0.0023,0.001,0.0043,50.0,33.75,Under-Speed,Investigate road condition,urban,TH | 92 | secondary,0.0,149,149
TH,38,secondary,High Risk,55.0,5,86.0,71.4,0.07403484431276104,13.032099999999998,0.0022,0.0011,0.0044,50.0,40.0,Credible,Major (>20 km/h),urban,TH | 38 | secondary,0.0,150,150
TH,37,secondary,High Risk,55.0,9,80.0,73.33333333333333,0.061482493897542206,7.233948159999998,0.002,0.0008,0.0038,50.0,30.0,Credible,Major (>20 km/h),urban,TH | 37 | secondary,0.0,151,151
TH,19,secondary,Critical,81.36545454545454,3,30.0,65.66666666666667,0.837776846926095,6.887475360000002,0.0017000000000000001,0.0009,0.0035,50.0,-20.0,Non-Credible,No change needed,urban,TH | 19 | secondary,0.0,152,152
TH,64,primary,Moderate,51.05251592992425,4,80.0,104.5,0.6999993928881718,9.37890625,0.0017,0.0007,0.0031,60.0,20.0,Non-Credible,Moderate (11-20 km/h),rural,TH | 64 | primary,0.0,153,153
MH,rural_secondary,secondary,High Risk,56.03589739460019,15,51.333333333333336,72.27777777777779,0.7167571852117878,2.8561000000000005,0.0016,0.0005,0.0032,58.0,-6.666666666666667,Non-Credible,No change needed,rural,MH | rural_secondary | secondary,0.0,154,154
TH,17,secondary,Critical,80.0,3,50.0,94.33333333333333,0.9666664081364625,14.164684959999999,0.0014,0.0007,0.0029,50.0,0.0,Non-Credible,No change needed,urban,TH | 17 | secondary,0.0,155,155
TH,82,secondary,High Risk,55.0,5,80.0,68.2,0.08090046984921014,8.75213056,0.0013000000000000002,0.0006000000000000001,0.0027,50.0,30.0,Under-Speed,Investigate road condition,urban,TH | 82 | secondary,0.0,156,156
TH,49,secondary,High Risk,56.774808762878784,4,77.5,93.5,0.4937490775918959,13.589544959999998,0.0012,0.0006,0.0022,55.0,22.5,Credible,Major (>20 km/h),rural,TH | 49 | secondary,0.0,157,157
MH,urban_secondary,secondary,High Risk,57.85624531249999,4,40.0,42.2875,0.5908801797544845,0.8076688796159999,0.0009,0.00030000000000000003,0.0017,36.666666666666664,-10.0,Low Credibility,No change needed,urban,MH | urban_secondary | secondary,0.0,158,158
TH,48,secondary,High Risk,55.0,7,84.28571428571429,70.35714285714286,0.05247462050575497,8.550360809999999,0.0006,0.0004,0.0013,50.0,36.666666666666664,Under-Speed,Investigate road condition,urban,TH | 48 | secondary,0.0,159,159
TH,90,secondary,Critical,85.04356060606061,3,40.0,63.333333333333336,0.7972248014111852,7.593331359999999,0.0006,0.0002,0.001,50.0,-10.0,Non-Credible,No change needed,urban,TH | 90 | secondary,0.0,160,160
TH,51,secondary,High Risk,55.642772746666665,15,80.2,60.877777778,0.0944847382330572,5.0625,0.0006,0.00030000000000000003,0.0012,53.333333333333336,16.666666666666668,Under-Speed,Investigate road condition,urban,TH | 51 | secondary,0.0,161,161
TH,43,secondary,High Risk,55.0,5,86.0,72.1,0.019143030618440453,8.95745041,0.0004,0.0002,0.0008,50.0,40.0,Under-Speed,Investigate road condition,urban,TH | 43 | secondary,0.0,162,162
TH,91,secondary,High Risk,58.21386373333333,3,73.33333333333333,88.16666666666667,0.3926550313776547,12.491983359999997,0.00030000000000000003,0.0001,0.0005,53.333333333333336,20.0,Credible,Major (>20 km/h),urban,TH | 91 | secondary,0.0,163,163
TH,58,secondary,High Risk,55.0,11,83.63636363636364,52.09090909090909,0.0,5.922408960000001,0.0001,0.0,0.0001,20.0,60.0,Under-Speed,Investigate road condition,urban,TH | 58 | secondary,0.0,164,164
TH,85,secondary,High Risk,55.0,3,83.33333333333333,49.666666666666664,0.0,3.224179360000001,0.0,0.0,0.0,,,Under-Speed,Investigate road condition,urban,TH | 85 | secondary,0.0,165,165
